id,dataset
10004_w_Amaya,3dpeople
10007_w_Ina,3dpeople
10015_w_Myriam,3dpeople
10018_w_Myriam,3dpeople
10021_w_Ina,3dpeople
10022_w_Ina,3dpeople
10024_w_Myriam,3dpeople
10028_w_Ramona,3dpeople
10029_w_Ramona,3dpeople
10031_m_John,3dpeople
10032_m_John,3dpeople
10033_m_Simon,3dpeople
10048_w_Ramona,3dpeople
10055_m_Simon,3dpeople
10056_m_Kenneth,3dpeople
10060_w_Ina,3dpeople
10063_w_Ina,3dpeople
10069_m_Kenneth,3dpeople
10070_m_Kenneth,3dpeople
10124_w_Anna,3dpeople
10129_m_Thomas,3dpeople
10130_w_Monika,3dpeople
10140_m_Clemens,3dpeople
10153_m_Bernd,3dpeople
10156_w_Myriam,3dpeople
10159_w_Myriam,3dpeople
10163_m_Kenneth,3dpeople
10165_w_Amaya,3dpeople
10172_w_Kim,3dpeople
10180_w_Kim,3dpeople
10186_m_Carlos,3dpeople
10188_m_Carlos,3dpeople
10189_m_Carlos,3dpeople
10197_m_Peter,3dpeople
10225_m_Anselmo,3dpeople
10236_m_Carlos,3dpeople
10265_w_Ramona,3dpeople
10267_w_Ramona,3dpeople
10277_m_Anselmo,3dpeople
10278_w_Bao,3dpeople
10280_w_Bao,3dpeople
10281_w_Ina,3dpeople
10283_w_Ramona,3dpeople
10284_m_Simon,3dpeople
10311_m_John,3dpeople
10323_w_Nelly,3dpeople
10339_w_Nelly,3dpeople
10373_m_Gabriel,3dpeople
10374_m_Gabriel,3dpeople
10388_m_Bruce,3dpeople
10396_m_Andrew,3dpeople
10418_m_Lars,3dpeople
10454_w_Elena,3dpeople
10460_m_Andy,3dpeople
10463_m_Andy,3dpeople
10479_m_Dan,3dpeople
10496_w_Elena,3dpeople
10497_m_Rick,3dpeople
10499_m_Rick,3dpeople
10508_m_Bruce,3dpeople
10523_w_Svenja,3dpeople
10536_w_Amaya,3dpeople
10542_m_Dan,3dpeople
10553_w_Bao,3dpeople
10556_w_Bao,3dpeople
10575_w_Rocio,3dpeople
10576_w_Rocio,3dpeople
10603_m_Andrew,3dpeople
10611_m_Andrew,3dpeople
10631_m_Gabriel,3dpeople
10632_m_Gabriel,3dpeople
10642_m_Tony,3dpeople
10710_w_Nelly,3dpeople
10723_m_Robb,3dpeople
10724_m_Robb,3dpeople
10750_m_Bruce,3dpeople
10881_w_Diana,3dpeople
10896_w_Diana,3dpeople
10026_w_Myriam,3dpeople
10039_w_Ramona,3dpeople
10041_m_Simon,3dpeople
10058_w_Ina,3dpeople
10065_m_Kenneth,3dpeople
10079_m_Simon,3dpeople
10080_m_Simon,3dpeople
10083_m_Simon,3dpeople
10085_m_Simon,3dpeople
10164_m_Kenneth,3dpeople
10187_m_Carlos,3dpeople
10196_w_Liu,3dpeople
10203_m_Carlos,3dpeople
10226_m_Anselmo,3dpeople
10235_m_Richard,3dpeople
10237_m_Carlos,3dpeople
10242_w_Valeska,3dpeople
10248_m_Kevin,3dpeople
10254_w_Valeska,3dpeople
10259_m_Sergej,3dpeople
10272_w_Myriam,3dpeople
10308_m_Marcel,3dpeople
10324_m_Andrew,3dpeople
10459_m_Andy,3dpeople
10543_m_Dan,3dpeople
10606_m_Andrew,3dpeople
10637_m_Gabriel,3dpeople
10687_m_Andrew,3dpeople
10752_m_Bruce,3dpeople
10778_w_Juliette,3dpeople
10798_w_Juliette,3dpeople
10803_w_Juliette,3dpeople
10834_w_Diana,3dpeople
10837_m_Will,3dpeople
10841_m_Will,3dpeople
10855_m_Will,3dpeople
rp_alvin_posed_016,renderpeople
rp_andrew_posed_001,renderpeople
rp_andrew_posed_004,renderpeople
rp_aneko_posed_004,renderpeople
rp_aneko_posed_024,renderpeople
rp_cody_posed_006,renderpeople
rp_cody_posed_007,renderpeople
rp_cody_posed_011,renderpeople
rp_cody_posed_025,renderpeople
rp_cody_posed_028,renderpeople
rp_elias_posed_011,renderpeople
rp_frank_posed_006,renderpeople
rp_aaron_posed_001,renderpeople
rp_aaron_posed_005,renderpeople
rp_aaron_posed_019,renderpeople
rp_alexandra_posed_004,renderpeople
rp_amber_posed_003,renderpeople
rp_amber_posed_010,renderpeople
rp_amber_posed_011,renderpeople
rp_amber_posed_017,renderpeople
rp_amir_posed_001,renderpeople
rp_ashley_posed_003,renderpeople
rp_ashley_posed_007,renderpeople
rp_belle_posed_007,renderpeople
rp_ben_posed_004,renderpeople
rp_ben_posed_008,renderpeople
rp_berkan_posed_001,renderpeople
rp_bianca_posed_019,renderpeople
rp_celina_posed_002,renderpeople
rp_chen_posed_003,renderpeople
rp_chloe_posed_003,renderpeople
rp_chloe_posed_004,renderpeople
rp_christine_posed_003,renderpeople
rp_christine_posed_013,renderpeople
rp_christine_posed_014,renderpeople
rp_christine_posed_015,renderpeople
rp_christine_posed_025,renderpeople
rp_christopher_posed_008,renderpeople
rp_claudia_posed_002,renderpeople
rp_claudia_posed_004,renderpeople
rp_claudia_posed_017,renderpeople
rp_claudia_posed_019,renderpeople
rp_claudia_posed_022,renderpeople
rp_claudia_posed_026,renderpeople
rp_corey_posed_010,renderpeople
rp_corey_posed_014,renderpeople
rp_corey_posed_017,renderpeople
rp_corey_posed_022,renderpeople
rp_corey_posed_024,renderpeople
rp_corey_posed_025,renderpeople
rp_corey_posed_026,renderpeople
rp_corey_posed_031,renderpeople
rp_corey_posed_032,renderpeople
rp_daniel_posed_003,renderpeople
rp_dave_posed_005,renderpeople
rp_debra_posed_011,renderpeople
rp_dennis_posed_008,renderpeople
rp_dennis_posed_031,renderpeople
rp_elizabeth_posed_002,renderpeople
rp_elizabeth_posed_003,renderpeople
rp_elizabeth_posed_004,renderpeople
rp_ellie_posed_013,renderpeople
rp_emma_posed_002,renderpeople
rp_emma_posed_008,renderpeople
rp_emma_posed_018,renderpeople
rp_ethan_posed_004,renderpeople
rp_felice_posed_011,renderpeople
rp_felice_posed_012,renderpeople
rp_fernanda_posed_001,renderpeople
rp_fernanda_posed_012,renderpeople
rp_grace_posed_004,renderpeople
rp_hannah_posed_006,renderpeople
rp_hannah_posed_007,renderpeople
rp_isabelle_posed_006,renderpeople
rp_isabelle_posed_011,renderpeople
rp_isabelle_posed_014,renderpeople
rp_jamal_posed_005,renderpeople
rp_jamal_posed_006,renderpeople
rp_jamal_posed_011,renderpeople
rp_jamal_posed_023,renderpeople
rp_jamal_posed_025,renderpeople
rp_janett_posed_001,renderpeople
rp_janna_posed_004,renderpeople
rp_janna_posed_008,renderpeople
rp_janna_posed_010,renderpeople
rp_janna_posed_012,renderpeople
rp_janna_posed_013,renderpeople
rp_janna_posed_016,renderpeople
rp_janna_posed_023,renderpeople
rp_janna_posed_026,renderpeople
rp_janna_posed_028,renderpeople
rp_janna_posed_040,renderpeople
rp_jessica_posed_009,renderpeople
rp_jessica_posed_013,renderpeople
rp_jessica_posed_027,renderpeople
rp_jessica_posed_053,renderpeople
rp_johanna_posed_023,renderpeople
rp_joko_posed_010,renderpeople
rp_joko_posed_012,renderpeople
rp_joscha_posed_002,renderpeople
rp_joscha_posed_003,renderpeople
rp_joyce_posed_020,renderpeople
rp_julia_posed_003,renderpeople
rp_julia_posed_020,renderpeople
rp_julia_posed_021,renderpeople
rp_julia_posed_025,renderpeople
rp_julia_posed_028,renderpeople
rp_julia_posed_043,renderpeople
rp_julia_posed_056,renderpeople
rp_kai_posed_023,renderpeople
rp_kai_posed_024,renderpeople
rp_kai_posed_025,renderpeople
rp_kati_posed_004,renderpeople
rp_kati_posed_006,renderpeople
rp_kati_posed_009,renderpeople
rp_kim_posed_001,renderpeople
rp_kumar_posed_002,renderpeople
rp_kumar_posed_003,renderpeople
rp_kumar_posed_004,renderpeople
rp_kumar_posed_005,renderpeople
rp_kumar_posed_009,renderpeople
rp_lee_posed_003,renderpeople
rp_lee_posed_004,renderpeople
rp_mark_posed_004,renderpeople
rp_mark_posed_005,renderpeople
rp_mason_posed_017,renderpeople
rp_max_posed_008,renderpeople
rp_maya_posed_021,renderpeople
rp_mei_posed_008,renderpeople
rp_mei_posed_011,renderpeople
rp_melanie_posed_020,renderpeople
rp_melinda_posed_003,renderpeople
rp_melinda_posed_007,renderpeople
rp_michael_posed_005,renderpeople
rp_michael_posed_006,renderpeople
rp_michael_posed_011,renderpeople
rp_michael_posed_020,renderpeople
rp_michael_posed_024,renderpeople
rp_michael_posed_025,renderpeople
rp_michael_posed_027,renderpeople
rp_mira_posed_001,renderpeople
rp_naomi_posed_007,renderpeople
rp_nina_posed_002,renderpeople
rp_oliver_posed_003,renderpeople
rp_oliver_posed_006,renderpeople
rp_oliver_posed_007,renderpeople
rp_oliver_posed_019,renderpeople
rp_oliver_posed_021,renderpeople
rp_oliver_posed_023,renderpeople
rp_oliver_posed_026,renderpeople
rp_oliver_posed_028,renderpeople
rp_oliver_posed_029,renderpeople
rp_pamela_posed_001,renderpeople
rp_pamela_posed_012,renderpeople
rp_petra_posed_019,renderpeople
rp_petra_posed_020,renderpeople
rp_philip_posed_037,renderpeople
rp_ray_posed_001,renderpeople
rp_ray_posed_002,renderpeople
rp_ray_posed_003,renderpeople
rp_ray_posed_012,renderpeople
rp_ricarda_posed_025,renderpeople
rp_richard_posed_008,renderpeople
rp_roberta_posed_011,renderpeople
rp_roberta_posed_012,renderpeople
rp_rosy_posed_008,renderpeople
rp_rosy_posed_013,renderpeople
rp_rosy_posed_016,renderpeople
rp_sarah_posed_004,renderpeople
rp_scott_posed_003,renderpeople
rp_scott_posed_008,renderpeople
rp_scott_posed_009,renderpeople
rp_scott_posed_013,renderpeople
rp_scott_posed_020,renderpeople
rp_scott_posed_024,renderpeople
rp_scott_posed_026,renderpeople
rp_scott_posed_027,renderpeople
rp_scott_posed_031,renderpeople
rp_scott_posed_035,renderpeople
rp_scott_posed_037,renderpeople
rp_seiko_posed_031,renderpeople
rp_shawn_posed_008,renderpeople
rp_shawn_posed_030,renderpeople
rp_shawn_posed_032,renderpeople
rp_simon_posed_002,renderpeople
rp_simon_posed_005,renderpeople
rp_simon_posed_007,renderpeople
rp_simon_posed_009,renderpeople
rp_simon_posed_014,renderpeople
rp_simon_posed_015,renderpeople
rp_simon_posed_016,renderpeople
rp_simon_posed_018,renderpeople
rp_simon_posed_023,renderpeople
rp_sophia_posed_003,renderpeople
rp_sophia_posed_019,renderpeople
rp_sophia_posed_022,renderpeople
rp_sophia_posed_041,renderpeople
rp_stacy_posed_004,renderpeople
rp_stephen_posed_001,renderpeople
rp_stephen_posed_012,renderpeople
rp_stephen_posed_021,renderpeople
rp_stephen_posed_034,renderpeople
rp_thomas_posed_001,renderpeople
rp_thomas_posed_006,renderpeople
rp_thomas_posed_017,renderpeople
rp_thomas_posed_022,renderpeople
rp_tiffany_posed_017,renderpeople
rp_tilda_posed_011,renderpeople
rp_tilda_posed_013,renderpeople
rp_toshiro_posed_003,renderpeople
rp_toshiro_posed_022,renderpeople
rp_tyrone_posed_011,renderpeople
rp_wendy_posed_001,renderpeople
rp_yasmin_posed_009,renderpeople
rp_aaron_posed_002,renderpeople
rp_aaron_posed_004,renderpeople
rp_aaron_posed_006,renderpeople
rp_alexandra_posed_002,renderpeople
rp_alexandra_posed_015,renderpeople
rp_alison_posed_025,renderpeople
rp_alvin_posed_002,renderpeople
rp_amber_posed_006,renderpeople
rp_amir_posed_008,renderpeople
rp_antonia_posed_003,renderpeople
rp_ben_posed_001,renderpeople
rp_berkan_posed_002,renderpeople
rp_bob_posed_001,renderpeople
rp_bob_posed_002,renderpeople
rp_brandon_posed_006,renderpeople
rp_brandon_posed_018,renderpeople
rp_carla_posed_022,renderpeople
rp_celina_posed_001,renderpeople
rp_chen_posed_001,renderpeople
rp_chen_posed_002,renderpeople
rp_chen_posed_006,renderpeople
rp_christopher_posed_001,renderpeople
rp_cindy_posed_004,renderpeople
rp_claudia_posed_023,renderpeople
rp_claudia_posed_030,renderpeople
rp_cody_posed_009,renderpeople
rp_corey_posed_001,renderpeople
rp_corey_posed_002,renderpeople
rp_corey_posed_016,renderpeople
rp_daniel_posed_001,renderpeople
rp_daniel_posed_006,renderpeople
rp_dave_posed_001,renderpeople
rp_dennis_posed_002,renderpeople
rp_dennis_posed_035,renderpeople
rp_elias_posed_001,renderpeople
rp_elias_posed_002,renderpeople
rp_elias_posed_005,renderpeople
rp_ellie_posed_010,renderpeople
rp_ellie_posed_015,renderpeople
rp_eric_posed_027,renderpeople
rp_eric_posed_029,renderpeople
rp_eric_posed_030,renderpeople
rp_eric_posed_035,renderpeople
rp_eric_posed_036,renderpeople
rp_eric_posed_044,renderpeople
rp_ethan_posed_015,renderpeople
rp_ethan_posed_026,renderpeople
rp_felix_posed_001,renderpeople
rp_fernanda_posed_021,renderpeople
rp_fiona_posed_003,renderpeople
rp_frank_posed_012,renderpeople
rp_frank_posed_020,renderpeople
rp_helen_posed_014,renderpeople
rp_helen_posed_023,renderpeople
rp_henry_posed_015,renderpeople
rp_isabelle_posed_008,renderpeople
rp_jacob_posed_001,renderpeople
rp_jacob_posed_002,renderpeople
rp_jacob_posed_003,renderpeople
rp_jamal_posed_024,renderpeople
rp_janna_posed_003,renderpeople
rp_janna_posed_027,renderpeople
rp_jeremy_posed_001,renderpeople
rp_john_posed_001,renderpeople
rp_john_posed_002,renderpeople
rp_joyce_posed_029,renderpeople
rp_joyce_posed_032,renderpeople
rp_julia_posed_001,renderpeople
rp_julia_posed_033,renderpeople
rp_kai_posed_011,renderpeople
rp_kati_posed_001,renderpeople
rp_kati_posed_002,renderpeople
rp_kati_posed_011,renderpeople
rp_kent_posed_004,renderpeople
rp_kent_posed_006,renderpeople
rp_kent_posed_007,renderpeople
rp_kent_posed_008,renderpeople
rp_kent_posed_010,renderpeople
rp_kim_posed_003,renderpeople
rp_lena_posed_001,renderpeople
rp_leo_posed_001,renderpeople
rp_liam_posed_001,renderpeople
rp_maria_posed_002,renderpeople
rp_max_posed_001,renderpeople
rp_max_posed_002,renderpeople
rp_max_posed_010,renderpeople
rp_melanie_posed_004,renderpeople
rp_melinda_posed_004,renderpeople
rp_michael_posed_014,renderpeople
rp_michael_posed_015,renderpeople
rp_michael_posed_022,renderpeople
rp_mira_posed_018,renderpeople
rp_nathan_posed_002,renderpeople
rp_nathan_posed_026,renderpeople
rp_nina_posed_003,renderpeople
rp_oliver_posed_001,renderpeople
rp_oliver_posed_015,renderpeople
rp_oliver_posed_016,renderpeople
rp_oliver_posed_017,renderpeople
rp_oliver_posed_020,renderpeople
rp_oliver_posed_024,renderpeople
rp_oliver_posed_027,renderpeople
rp_pamela_posed_006,renderpeople
rp_petra_posed_001,renderpeople
rp_philip_posed_009,renderpeople
rp_philip_posed_029,renderpeople
rp_ralph_posed_002,renderpeople
rp_ralph_posed_010,renderpeople
rp_ramon_posed_002,renderpeople
rp_ramon_posed_003,renderpeople
rp_ray_posed_004,renderpeople
rp_ray_posed_006,renderpeople
rp_ray_posed_011,renderpeople
rp_ricarda_posed_022,renderpeople
rp_richard_posed_001,renderpeople
rp_richard_posed_004,renderpeople
rp_richard_posed_012,renderpeople
rp_richard_posed_015,renderpeople
rp_richard_posed_031,renderpeople
rp_richard_posed_038,renderpeople
rp_richard_posed_039,renderpeople
rp_rick_posed_004,renderpeople
rp_roberta_posed_022,renderpeople
rp_roberta_posed_029,renderpeople
rp_roberta_posed_032,renderpeople
rp_rosy_posed_001,renderpeople
rp_rosy_posed_004,renderpeople
rp_ryo_posed_017,renderpeople
rp_scott_posed_004,renderpeople
rp_scott_posed_007,renderpeople
rp_scott_posed_025,renderpeople
rp_scott_posed_028,renderpeople
rp_scott_posed_029,renderpeople
rp_scott_posed_030,renderpeople
rp_sheila_posed_005,renderpeople
rp_sheila_posed_014,renderpeople
rp_sheila_posed_018,renderpeople
rp_sheila_posed_021,renderpeople
rp_sheila_posed_025,renderpeople
rp_sheila_posed_029,renderpeople
rp_sheila_posed_030,renderpeople
rp_sheila_posed_031,renderpeople
rp_simon_posed_008,renderpeople
rp_sophia_posed_010,renderpeople
rp_sophia_posed_029,renderpeople
rp_sophia_posed_032,renderpeople
rp_sophia_posed_039,renderpeople
rp_stacy_posed_001,renderpeople
rp_stacy_posed_003,renderpeople
rp_stephanie_posed_009,renderpeople
rp_stephen_posed_003,renderpeople
rp_stephen_posed_037,renderpeople
rp_stephen_posed_045,renderpeople
rp_stephen_posed_046,renderpeople
rp_steve_posed_001,renderpeople
rp_steve_posed_002,renderpeople
rp_sydney_posed_001,renderpeople
rp_sydney_posed_005,renderpeople
rp_sydney_posed_009,renderpeople
rp_tanja_posed_013,renderpeople
rp_thomas_posed_003,renderpeople
rp_thomas_posed_005,renderpeople
rp_thomas_posed_009,renderpeople
rp_thomas_posed_012,renderpeople
rp_thomas_posed_016,renderpeople
rp_thomas_posed_020,renderpeople
rp_thomas_posed_028,renderpeople
rp_tilda_posed_003,renderpeople
rp_tilda_posed_009,renderpeople
rp_tilda_posed_012,renderpeople
rp_toshiro_posed_002,renderpeople
rp_toshiro_posed_025,renderpeople
rp_toshiro_posed_033,renderpeople
rp_tyrone_posed_002,renderpeople
rp_tyrone_posed_022,renderpeople
rp_aaron_posed_013,renderpeople
rp_alexandra_posed_003,renderpeople
rp_alexandra_posed_006,renderpeople
rp_alexandra_posed_016,renderpeople
rp_alexandra_posed_025,renderpeople
rp_alison_posed_001,renderpeople
rp_alison_posed_003,renderpeople
rp_alison_posed_007,renderpeople
rp_alison_posed_016,renderpeople
rp_alison_posed_021,renderpeople
rp_alison_posed_022,renderpeople
rp_alison_posed_026,renderpeople
rp_alison_posed_027,renderpeople
rp_alison_posed_034,renderpeople
rp_beatrice_posed_007,renderpeople
rp_beatrice_posed_012,renderpeople
rp_beatrice_posed_036,renderpeople
rp_beatrice_posed_038,renderpeople
rp_carla_posed_014,renderpeople
rp_cindy_posed_005,renderpeople
rp_cindy_posed_007,renderpeople
rp_cindy_posed_009,renderpeople
rp_cindy_posed_014,renderpeople
rp_ellie_posed_005,renderpeople
rp_ellie_posed_008,renderpeople
rp_ellie_posed_017,renderpeople
rp_eric_posed_003,renderpeople
rp_eric_posed_008,renderpeople
rp_eric_posed_018,renderpeople
rp_eric_posed_019,renderpeople
rp_eric_posed_021,renderpeople
rp_eric_posed_022,renderpeople
rp_eric_posed_037,renderpeople
rp_eric_posed_040,renderpeople
rp_eric_posed_043,renderpeople
rp_eric_posed_045,renderpeople
rp_eric_posed_046,renderpeople
rp_eric_posed_048,renderpeople
rp_eric_posed_049,renderpeople
rp_fiona_posed_012,renderpeople
rp_fiona_posed_013,renderpeople
rp_george_posed_002,renderpeople
rp_henry_posed_001,renderpeople
rp_henry_posed_006,renderpeople
rp_henry_posed_016,renderpeople
rp_leo_posed_002,renderpeople
rp_luke_posed_001,renderpeople
rp_luke_posed_004,renderpeople
rp_luke_posed_007,renderpeople
rp_luke_posed_008,renderpeople
rp_marcel_posed_009,renderpeople
rp_maria_posed_008,renderpeople
rp_maria_posed_009,renderpeople
rp_marleen_posed_003,renderpeople
rp_nathan_posed_004,renderpeople
rp_nathan_posed_006,renderpeople
rp_nathan_posed_008,renderpeople
rp_nathan_posed_011,renderpeople
rp_nathan_posed_014,renderpeople
rp_nathan_posed_016,renderpeople
rp_nathan_posed_024,renderpeople
rp_nathan_posed_027,renderpeople
rp_nathan_posed_028,renderpeople
rp_pierre_posed_002,renderpeople
rp_pierre_posed_005,renderpeople
rp_pierre_posed_006,renderpeople
rp_rick_posed_001,renderpeople
rp_rick_posed_003,renderpeople
rp_rick_posed_005,renderpeople
rp_rick_posed_006,renderpeople
rp_rick_posed_015,renderpeople
rp_saki_posed_023,renderpeople
rp_saki_posed_024,renderpeople
rp_saki_posed_030,renderpeople
rp_sheila_posed_007,renderpeople
rp_sheila_posed_008,renderpeople
rp_sheila_posed_013,renderpeople
rp_sheila_posed_020,renderpeople
rp_stephanie_posed_003,renderpeople
rp_stephanie_posed_004,renderpeople
rp_stephanie_posed_006,renderpeople
rp_sydney_posed_010,renderpeople
rp_sydney_posed_019,renderpeople
rp_sydney_posed_032,renderpeople
rp_tiffany_posed_012,renderpeople
